,Symbol,Name,Market,SYMBOL,cik
0,MMM,3M,S&P500,MMM,CIK0000066740
1,AOS,A. O. Smith,S&P500,AOS,CIK0000091142
2,ABT,Abbott,S&P500,ABT,CIK0000001800
3,ABBV,AbbVie,S&P500,ABBV,CIK0001551152
4,ACN,Accenture,S&P500,ACN,CIK0001467373
5,ATVI,Activision Blizzard,S&P500,ATVI,CIK0000718877
6,ADM,ADM,S&P500,ADM,CIK0000007084
7,ADBE,Adobe Inc.,S&P500,ADBE,CIK0000796343
8,ADP,ADP,S&P500,ADP,CIK0000008670
9,AAP,Advance Auto Parts,S&P500,AAP,CIK0001158449
10,AES,AES Corporation,S&P500,AES,CIK0000874761
11,AFL,Aflac,S&P500,AFL,CIK0000004977
12,A,Agilent Technologies,S&P500,A,CIK0001090872
13,APD,Air Products and Chemicals,S&P500,APD,CIK0000002969
14,AKAM,Akamai,S&P500,AKAM,CIK0001086222
15,ALK,Alaska Air Group,S&P500,ALK,CIK0000766421
16,ALB,Albemarle Corporation,S&P500,ALB,CIK0000915913
17,ARE,Alexandria Real Estate Equities,S&P500,ARE,
18,ALGN,Align Technology,S&P500,ALGN,CIK0001097149
19,ALLE,Allegion,S&P500,ALLE,CIK0001579241
20,LNT,Alliant Energy,S&P500,LNT,CIK0000352541
21,ALL,Allstate,S&P500,ALL,CIK0000899051
22,GOOGL,Alphabet Inc. (Class A),S&P500,GOOGL,CIK0001652044
23,GOOG,Alphabet Inc. (Class C),S&P500,GOOG,CIK0001652044
24,MO,Altria,S&P500,MO,CIK0000764180
25,AMZN,Amazon,S&P500,AMZN,CIK0001018724
26,AMCR,Amcor,S&P500,AMCR,CIK0001748790
27,AMD,AMD,S&P500,AMD,CIK0000002488
28,AEE,Ameren,S&P500,AEE,CIK0001002910
29,AAL,American Airlines Group,S&P500,AAL,CIK0000006201
30,AEP,American Electric Power,S&P500,AEP,CIK0000004904
31,AXP,American Express,S&P500,AXP,
32,AIG,American International Group,S&P500,AIG,CIK0000005272
33,AMT,American Tower,S&P500,AMT,CIK0001053507
34,AWK,American Water Works,S&P500,AWK,CIK0001410636
35,AMP,Ameriprise Financial,S&P500,AMP,CIK0000820027
36,ABC,AmerisourceBergen,S&P500,ABC,CIK0001140859
37,AME,Ametek,S&P500,AME,CIK0001037868
38,AMGN,Amgen,S&P500,AMGN,CIK0000318154
39,APH,Amphenol,S&P500,APH,CIK0000820313
40,ADI,Analog Devices,S&P500,ADI,CIK0000006281
41,ANSS,Ansys,S&P500,ANSS,CIK0001013462
42,AON,Aon,S&P500,AON,CIK0000315293
43,APA,APA Corporation,S&P500,APA,CIK0001841666
44,AAPL,Apple Inc,S&P500,AAPL,CIK0000320193
45,AMAT,Applied Materials,S&P500,AMAT,CIK0000006951
46,APTV,Aptiv,S&P500,APTV,CIK0001521332
47,ACGL,Arch Capital Group,S&P500,ACGL,CIK0000947484
48,ANET,Arista Networks,S&P500,ANET,CIK0001596532
49,AJG,Arthur J. Gallagher & Co.,S&P500,AJG,CIK0000354190
50,AIZ,Assurant,S&P500,AIZ,CIK0001267238
51,T,AT&T,S&P500,T,CIK0000732717
52,ATO,Atmos Energy,S&P500,ATO,CIK0000731802
53,ADSK,Autodesk,S&P500,ADSK,CIK0000769397
54,AZO,AutoZone,S&P500,AZO,CIK0000866787
55,AVB,AvalonBay Communities,S&P500,AVB,CIK0000915912
56,AVY,Avery Dennison,S&P500,AVY,CIK0000008818
57,BKR,Baker Hughes,S&P500,BKR,CIK0001701605
58,BALL,Ball Corporation,S&P500,BALL,CIK0000009389
59,BAC,Bank of America,S&P500,BAC,CIK0000070858
60,BBWI,"Bath & Body Works, Inc.",S&P500,BBWI,CIK0000701985
61,BAX,Baxter International,S&P500,BAX,CIK0000010456
62,BDX,Becton Dickinson,S&P500,BDX,CIK0000010795
63,WRB,Berkley,S&P500,WRB,CIK0000011544
64,BRK.B,Berkshire Hathaway,S&P500,BRK.B,
65,BBY,Best Buy,S&P500,BBY,CIK0000764478
66,BIO,Bio-Rad,S&P500,BIO,CIK0000012208
67,TECH,Bio-Techne,S&P500,TECH,CIK0000842023
68,BIIB,Biogen,S&P500,BIIB,CIK0000875045
69,BLK,BlackRock,S&P500,BLK,CIK0001364742
70,BK,BNY Mellon,S&P500,BK,CIK0001390777
71,BA,Boeing,S&P500,BA,CIK0000012927
72,BKNG,Booking Holdings,S&P500,BKNG,CIK0001075531
73,BWA,BorgWarner,S&P500,BWA,CIK0000908255
74,BXP,Boston Properties,S&P500,BXP,CIK0001037540
75,BSX,Boston Scientific,S&P500,BSX,CIK0000885725
76,BMY,Bristol Myers Squibb,S&P500,BMY,CIK0000014272
77,AVGO,Broadcom Inc.,S&P500,AVGO,CIK0001730168
78,BR,Broadridge Financial Solutions,S&P500,BR,CIK0001383312
79,BRO,Brown & Brown,S&P500,BRO,CIK0000079282
80,BF.B,BrownForman,S&P500,BF.B,
81,CHRW,C.H. Robinson,S&P500,CHRW,CIK0001043277
82,CDNS,Cadence Design Systems,S&P500,CDNS,CIK0000813672
83,CZR,Caesars Entertainment,S&P500,CZR,CIK0001590895
84,CPT,Camden Property Trust,S&P500,CPT,CIK0000906345
85,CPB,Campbell Soup Company,S&P500,CPB,CIK0000016732
86,COF,Capital One,S&P500,COF,CIK0000927628
87,CAH,Cardinal Health,S&P500,CAH,CIK0000721371
88,KMX,CarMax,S&P500,KMX,CIK0001170010
89,CCL,Carnival,S&P500,CCL,CIK0000815097
90,CARR,Carrier Global,S&P500,CARR,CIK0001783180
91,CTLT,Catalent,S&P500,CTLT,CIK0001596783
92,CAT,Caterpillar Inc.,S&P500,CAT,CIK0000018230
93,CBOE,Cboe Global Markets,S&P500,CBOE,CIK0001374310
94,CBRE,CBRE Group,S&P500,CBRE,CIK0001138118
95,CDW,CDW,S&P500,CDW,CIK0001402057
96,CE,Celanese,S&P500,CE,CIK0001306830
97,CNC,Centene Corporation,S&P500,CNC,CIK0001071739
98,CNP,CenterPoint Energy,S&P500,CNP,CIK0001130310
99,CDAY,Ceridian,S&P500,CDAY,CIK0001725057
100,CF,CF Industries,S&P500,CF,CIK0001324404
101,CRL,Charles River Laboratories,S&P500,CRL,CIK0001100682
102,SCHW,Charles Schwab Corporation,S&P500,SCHW,CIK0000316709
103,CHTR,Charter Communications,S&P500,CHTR,CIK0001091667
104,CVX,Chevron Corporation,S&P500,CVX,CIK0000093410
105,CMG,Chipotle Mexican Grill,S&P500,CMG,CIK0001058090
106,CB,Chubb Limited,S&P500,CB,CIK0000896159
107,CHD,Church & Dwight,S&P500,CHD,CIK0000313927
108,CI,Cigna,S&P500,CI,CIK0001739940
109,CINF,Cincinnati Financial,S&P500,CINF,CIK0000020286
110,CTAS,Cintas,S&P500,CTAS,CIK0000723254
111,CSCO,Cisco,S&P500,CSCO,CIK0000858877
112,C,Citigroup,S&P500,C,CIK0000831001
113,CFG,Citizens Financial Group,S&P500,CFG,CIK0000759944
114,CLX,Clorox,S&P500,CLX,CIK0000021076
115,CME,CME Group,S&P500,CME,CIK0001156375
116,CMS,CMS Energy,S&P500,CMS,CIK0000811156
117,KO,The Coca-Cola Company,S&P500,KO,CIK0000021344
118,CTSH,Cognizant,S&P500,CTSH,CIK0001058290
119,CL,Colgate-Palmolive,S&P500,CL,CIK0000021665
120,CMCSA,Comcast,S&P500,CMCSA,CIK0001166691
121,CMA,Comerica,S&P500,CMA,CIK0000028412
122,CAG,ConAgra Foods,S&P500,CAG,CIK0000023217
123,COP,ConocoPhillips,S&P500,COP,CIK0001163165
124,ED,Consolidated Edison,S&P500,ED,CIK0001047862
125,STZ,Constellation Brands,S&P500,STZ,CIK0000016918
126,CEG,Constellation Energy,S&P500,CEG,CIK0001868275
127,COO,CooperCompanies,S&P500,COO,CIK0000711404
128,CPRT,Copart,S&P500,CPRT,CIK0000900075
129,GLW,Corning Inc.,S&P500,GLW,CIK0000024741
130,CTVA,Corteva,S&P500,CTVA,CIK0001755672
131,CSGP,CoStar Group,S&P500,CSGP,CIK0001057352
132,COST,Costco,S&P500,COST,CIK0000909832
133,CTRA,Coterra,S&P500,CTRA,CIK0000858470
134,CCI,Crown Castle,S&P500,CCI,CIK0001051470
135,CSX,CSX,S&P500,CSX,CIK0000277948
136,CMI,Cummins,S&P500,CMI,CIK0000026172
137,CVS,CVS Health,S&P500,CVS,CIK0000064803
138,DHI,D.R. Horton,S&P500,DHI,CIK0000882184
139,DHR,Danaher Corporation,S&P500,DHR,CIK0000313616
140,DRI,Darden Restaurants,S&P500,DRI,CIK0000940944
141,DVA,DaVita Inc.,S&P500,DVA,CIK0000927066
142,DE,John Deere,S&P500,DE,CIK0000315189
143,DAL,Delta Air Lines,S&P500,DAL,CIK0000027904
144,XRAY,Dentsply Sirona,S&P500,XRAY,CIK0000818479
145,DVN,Devon Energy,S&P500,DVN,CIK0001090012
146,DXCM,Dexcom,S&P500,DXCM,CIK0001093557
147,FANG,Diamondback Energy,S&P500,FANG,CIK0001539838
148,DLR,Digital Realty,S&P500,DLR,CIK0001297996
149,DFS,Discover Financial,S&P500,DFS,CIK0001393612
150,DISH,Dish Network,S&P500,DISH,CIK0001001082
151,DIS,Disney,S&P500,DIS,CIK0001744489
152,DG,Dollar General,S&P500,DG,CIK0000029534
153,DLTR,Dollar Tree,S&P500,DLTR,CIK0000935703
154,D,Dominion Energy,S&P500,D,CIK0000715957
155,DPZ,Domino's,S&P500,DPZ,CIK0001286681
156,DOV,Dover Corporation,S&P500,DOV,CIK0000029905
157,DOW,Dow Inc.,S&P500,DOW,CIK0001751788
158,DTE,DTE Energy,S&P500,DTE,CIK0000936340
159,DUK,Duke Energy,S&P500,DUK,CIK0001326160
160,DD,DuPont,S&P500,DD,CIK0001666700
161,DXC,DXC Technology,S&P500,DXC,CIK0001688568
162,EMN,Eastman Chemical Company,S&P500,EMN,CIK0000915389
163,ETN,Eaton Corporation,S&P500,ETN,CIK0001551182
164,EBAY,eBay,S&P500,EBAY,CIK0001065088
165,ECL,Ecolab,S&P500,ECL,CIK0000031462
166,EIX,Edison International,S&P500,EIX,CIK0000827052
167,EW,Edwards Lifesciences,S&P500,EW,CIK0001099800
168,EA,Electronic Arts,S&P500,EA,CIK0000712515
169,ELV,Elevance Health,S&P500,ELV,CIK0001156039
170,LLY,Eli Lilly and Company,S&P500,LLY,CIK0000059478
171,EMR,Emerson Electric,S&P500,EMR,CIK0000032604
172,ENPH,Enphase,S&P500,ENPH,CIK0001463101
173,ETR,Entergy,S&P500,ETR,CIK0000065984
174,EOG,EOG Resources,S&P500,EOG,CIK0000821189
175,EPAM,EPAM Systems,S&P500,EPAM,CIK0001352010
176,EQT,EQT,S&P500,EQT,CIK0000033213
177,EFX,Equifax,S&P500,EFX,CIK0000033185
178,EQIX,Equinix,S&P500,EQIX,CIK0001101239
179,EQR,Equity Residential,S&P500,EQR,CIK0000906107
180,ESS,Essex Property Trust,S&P500,ESS,CIK0000920522
181,EL,The Estée Lauder Companies,S&P500,EL,CIK0001001250
182,ETSY,Etsy,S&P500,ETSY,CIK0001370637
183,RE,Everest Re,S&P500,RE,CIK0001095073
184,EVRG,Evergy,S&P500,EVRG,CIK0001711269
185,ES,Eversource,S&P500,ES,CIK0000072741
186,EXC,Exelon,S&P500,EXC,CIK0001109357
187,EXPE,Expedia Group,S&P500,EXPE,CIK0001324424
188,EXPD,Expeditors International,S&P500,EXPD,CIK0000746515
189,EXR,Extra Space Storage,S&P500,EXR,CIK0001289490
190,XOM,ExxonMobil,S&P500,XOM,CIK0000034088
191,FFIV,"F5, Inc.",S&P500,FFIV,CIK0001048695
192,FDS,FactSet,S&P500,FDS,CIK0001013237
193,FAST,Fastenal,S&P500,FAST,CIK0000815556
194,FRT,Federal Realty,S&P500,FRT,CIK0000034903
195,FDX,FedEx,S&P500,FDX,CIK0001048911
196,FITB,Fifth Third Bank,S&P500,FITB,CIK0000035527
197,FRC,First Republic Bank,S&P500,FRC,CIK0001132979
198,FSLR,First Solar,S&P500,FSLR,CIK0001274494
199,FE,FirstEnergy,S&P500,FE,CIK0001031296
200,FIS,FIS,S&P500,FIS,CIK0001136893
201,FISV,Fiserv,S&P500,FISV,CIK0000798354
202,FLT,Fleetcor,S&P500,FLT,CIK0001175454
203,FMC,FMC Corporation,S&P500,FMC,CIK0000037785
204,F,Ford Motor Company,S&P500,F,CIK0000037996
205,FTNT,Fortinet,S&P500,FTNT,CIK0001262039
206,FTV,Fortive,S&P500,FTV,CIK0001659166
207,FOXA,Fox Corporation (Class A),S&P500,FOXA,CIK0001754301
208,FOX,Fox Corporation (Class B),S&P500,FOX,CIK0001754301
209,BEN,Franklin Templeton,S&P500,BEN,CIK0000038777
210,FCX,Freeport-McMoRan,S&P500,FCX,CIK0000831259
211,GRMN,Garmin,S&P500,GRMN,CIK0001121788
212,IT,Gartner,S&P500,IT,CIK0000749251
213,GEHC,GE HealthCare,S&P500,GEHC,
214,GEN,Gen Digital,S&P500,GEN,
215,GNRC,Generac,S&P500,GNRC,CIK0001474735
216,GD,General Dynamics,S&P500,GD,CIK0000040533
217,GE,General Electric,S&P500,GE,CIK0000040545
218,GIS,General Mills,S&P500,GIS,CIK0000040704
219,GM,General Motors,S&P500,GM,CIK0001467858
220,GPC,Genuine Parts Company,S&P500,GPC,CIK0000040987
221,GILD,Gilead Sciences,S&P500,GILD,CIK0000882095
222,GL,Globe Life,S&P500,GL,CIK0000320335
223,GPN,Global Payments,S&P500,GPN,CIK0001123360
224,GS,Goldman Sachs,S&P500,GS,CIK0000886982
225,HAL,Halliburton,S&P500,HAL,CIK0000045012
226,HIG,Hartford (The),S&P500,HIG,CIK0000874766
227,HAS,Hasbro,S&P500,HAS,CIK0000046080
228,HCA,HCA Healthcare,S&P500,HCA,CIK0000860730
229,PEAK,Healthpeak,S&P500,PEAK,CIK0000765880
230,HSIC,Henry Schein,S&P500,HSIC,CIK0001000228
231,HSY,Hershey's,S&P500,HSY,CIK0000047111
232,HES,Hess Corporation,S&P500,HES,CIK0000004447
233,HPE,Hewlett Packard Enterprise,S&P500,HPE,CIK0001645590
234,HLT,Hilton Worldwide,S&P500,HLT,CIK0001585689
235,HOLX,Hologic,S&P500,HOLX,CIK0000859737
236,HD,The Home Depot,S&P500,HD,CIK0000354950
237,HON,Honeywell,S&P500,HON,CIK0000773840
238,HRL,Hormel Foods,S&P500,HRL,CIK0000048465
239,HST,Host Hotels & Resorts,S&P500,HST,CIK0001070750
240,HWM,Howmet Aerospace,S&P500,HWM,CIK0000004281
241,HPQ,HP Inc.,S&P500,HPQ,CIK0000047217
242,HUM,Humana,S&P500,HUM,CIK0000049071
243,HBAN,Huntington Bancshares,S&P500,HBAN,CIK0000049196
244,HII,Huntington Ingalls Industries,S&P500,HII,CIK0001501585
245,IBM,IBM,S&P500,IBM,CIK0000051143
246,IEX,IDEX Corporation,S&P500,IEX,CIK0000832101
247,IDXX,Idexx Laboratories,S&P500,IDXX,CIK0000874716
248,ITW,Illinois Tool Works,S&P500,ITW,CIK0000049826
249,ILMN,Illumina,S&P500,ILMN,CIK0001110803
250,INCY,Incyte,S&P500,INCY,CIK0000879169
251,IR,Ingersoll Rand,S&P500,IR,CIK0001699150
252,INTC,Intel,S&P500,INTC,CIK0000050863
253,ICE,Intercontinental Exchange,S&P500,ICE,CIK0001571949
254,IP,International Paper,S&P500,IP,CIK0000051434
255,IPG,The Interpublic Group of Companies,S&P500,IPG,CIK0000051644
256,IFF,International Flavors & Fragrances,S&P500,IFF,CIK0000051253
257,INTU,Intuit,S&P500,INTU,CIK0000896878
258,ISRG,Intuitive Surgical,S&P500,ISRG,CIK0001035267
259,IVZ,Invesco,S&P500,IVZ,CIK0000914208
260,INVH,Invitation Homes,S&P500,INVH,CIK0001687229
261,IQV,IQVIA,S&P500,IQV,CIK0001478242
262,IRM,Iron Mountain,S&P500,IRM,CIK0001020569
263,JBHT,J.B. Hunt,S&P500,JBHT,CIK0000728535
264,JKHY,Jack Henry & Associates,S&P500,JKHY,CIK0000779152
265,J,Jacobs Solutions,S&P500,J,
266,JNJ,Johnson & Johnson,S&P500,JNJ,CIK0000200406
267,JCI,Johnson Controls,S&P500,JCI,CIK0000833444
268,JPM,JP Morgan Chase,S&P500,JPM,CIK0000019617
269,JNPR,Juniper Networks,S&P500,JNPR,CIK0001043604
270,K,Kellogg's,S&P500,K,CIK0000055067
271,KDP,Keurig Dr Pepper,S&P500,KDP,CIK0001418135
272,KEY,KeyCorp,S&P500,KEY,CIK0000091576
273,KEYS,Keysight,S&P500,KEYS,CIK0001601046
274,KMB,Kimberly-Clark,S&P500,KMB,CIK0000055785
275,KIM,Kimco Realty,S&P500,KIM,CIK0000879101
276,KMI,Kinder Morgan,S&P500,KMI,CIK0001506307
277,KLAC,KLA Corporation,S&P500,KLAC,CIK0000319201
278,KHC,Kraft Heinz,S&P500,KHC,CIK0001637459
279,KR,Kroger,S&P500,KR,CIK0000056873
280,LHX,L3Harris,S&P500,LHX,CIK0000202058
281,LH,LabCorp,S&P500,LH,CIK0000920148
282,LRCX,Lam Research,S&P500,LRCX,CIK0000707549
283,LW,Lamb Weston,S&P500,LW,CIK0001679273
284,LVS,Las Vegas Sands,S&P500,LVS,CIK0001300514
285,LDOS,Leidos,S&P500,LDOS,CIK0001336920
286,LEN,Lennar,S&P500,LEN,CIK0000920760
287,LNC,Lincoln Financial,S&P500,LNC,CIK0000059558
288,LIN,Linde plc,S&P500,LIN,CIK0001707925
289,LYV,Live Nation Entertainment,S&P500,LYV,CIK0001335258
290,LKQ,LKQ Corporation,S&P500,LKQ,CIK0001065696
291,LMT,Lockheed Martin,S&P500,LMT,CIK0000936468
292,L,Loews Corporation,S&P500,L,CIK0000060086
293,LOW,Lowe's,S&P500,LOW,CIK0000060667
294,LUMN,Lumen Technologies,S&P500,LUMN,CIK0000018926
295,LYB,LyondellBasell,S&P500,LYB,CIK0001489393
296,MTB,M&T Bank,S&P500,MTB,CIK0000036270
297,MRO,Marathon Oil,S&P500,MRO,CIK0000101778
298,MPC,Marathon Petroleum,S&P500,MPC,CIK0001510295
299,MKTX,MarketAxess,S&P500,MKTX,CIK0001278021
300,MAR,Marriott International,S&P500,MAR,CIK0001048286
301,MMC,Marsh McLennan,S&P500,MMC,CIK0000062709
302,MLM,Martin Marietta Materials,S&P500,MLM,CIK0000916076
303,MAS,Masco,S&P500,MAS,CIK0000062996
304,MA,Mastercard,S&P500,MA,CIK0001141391
305,MTCH,Match Group,S&P500,MTCH,CIK0000891103
306,MKC,McCormick Company,S&P500,MKC,CIK0000063754
307,MCD,McDonald's,S&P500,MCD,CIK0000063908
308,MCK,McKesson,S&P500,MCK,CIK0000927653
309,MDT,Medtronic,S&P500,MDT,CIK0001613103
310,MRK,Merck & Co.,S&P500,MRK,CIK0000310158
311,META,Meta Platforms,S&P500,META,CIK0001326801
312,MET,MetLife,S&P500,MET,CIK0001099219
313,MTD,Mettler Toledo,S&P500,MTD,CIK0001037646
314,MGM,MGM Resorts,S&P500,MGM,CIK0000789570
315,MCHP,Microchip Technology,S&P500,MCHP,CIK0000827054
316,MU,Micron Technology,S&P500,MU,CIK0000723125
317,MSFT,Microsoft,S&P500,MSFT,CIK0000789019
318,MAA,Mid-America Apartment Communities,S&P500,MAA,CIK0000912595
319,MRNA,Moderna,S&P500,MRNA,CIK0001682852
320,MHK,Mohawk Industries,S&P500,MHK,CIK0000851968
321,MOH,Molina Healthcare,S&P500,MOH,CIK0001179929
322,TAP,Molson Coors Beverage Company,S&P500,TAP,CIK0000024545
323,MDLZ,Mondelez International,S&P500,MDLZ,CIK0001103982
324,MPWR,Monolithic Power Systems,S&P500,MPWR,CIK0001280452
325,MNST,Monster Beverage,S&P500,MNST,CIK0000865752
326,MCO,Moody's,S&P500,MCO,CIK0001059556
327,MS,Morgan Stanley,S&P500,MS,CIK0000895421
328,MOS,The Mosaic Company,S&P500,MOS,CIK0001285785
329,MSI,Motorola Solutions,S&P500,MSI,CIK0000068505
330,MSCI,MSCI,S&P500,MSCI,CIK0001408198
331,NDAQ,"Nasdaq, Inc.",S&P500,NDAQ,CIK0001120193
332,NTAP,NetApp,S&P500,NTAP,CIK0001002047
333,NFLX,Netflix,S&P500,NFLX,CIK0001065280
334,NWL,Newell Brands,S&P500,NWL,CIK0000814453
335,NEM,Newmont,S&P500,NEM,CIK0001164727
336,NWSA,News Corp (Class A),S&P500,NWSA,CIK0001564708
337,NWS,News Corp (Class B),S&P500,NWS,CIK0001564708
338,NEE,NextEra Energy,S&P500,NEE,CIK0000753308
339,NKE,"Nike, Inc.",S&P500,NKE,CIK0000320187
340,NI,NiSource,S&P500,NI,CIK0001111711
341,NDSN,Nordson Corporation,S&P500,NDSN,CIK0000072331
342,NSC,Norfolk Southern Railway,S&P500,NSC,CIK0000702165
343,NTRS,Northern Trust,S&P500,NTRS,CIK0000073124
344,NOC,Northrop Grumman,S&P500,NOC,CIK0001133421
345,NCLH,Norwegian Cruise Line Holdings,S&P500,NCLH,CIK0001513761
346,NRG,NRG Energy,S&P500,NRG,CIK0001013871
347,NUE,Nucor,S&P500,NUE,CIK0000073309
348,NVDA,Nvidia,S&P500,NVDA,CIK0001045810
349,NVR,"NVR, Inc.",S&P500,NVR,CIK0000906163
350,NXPI,NXP Semiconductors,S&P500,NXPI,CIK0001413447
351,ORLY,O'Reilly Auto Parts,S&P500,ORLY,CIK0000898173
352,OXY,Occidental Petroleum Corporation,S&P500,OXY,CIK0000797468
353,ODFL,Old Dominion,S&P500,ODFL,CIK0000878927
354,OMC,Omnicom Group,S&P500,OMC,CIK0000029989
355,ON,ON Semiconductor,S&P500,ON,CIK0001097864
356,OKE,ONEOK,S&P500,OKE,CIK0001039684
357,ORCL,Oracle Corporation,S&P500,ORCL,CIK0001341439
358,OGN,Organon & Co.,S&P500,OGN,CIK0001821825
359,OTIS,Otis Elevator Company,S&P500,OTIS,CIK0001781335
360,PCAR,Paccar,S&P500,PCAR,CIK0000075362
361,PKG,Packaging Corporation of America,S&P500,PKG,CIK0000075677
362,PARA,Paramount Global,S&P500,PARA,CIK0000813828
363,PH,Parker Hannifin,S&P500,PH,CIK0000076334
364,PAYX,Paychex,S&P500,PAYX,CIK0000723531
365,PAYC,Paycom,S&P500,PAYC,CIK0001590955
366,PYPL,PayPal,S&P500,PYPL,CIK0001633917
367,PNR,Pentair,S&P500,PNR,CIK0000077360
368,PEP,PepsiCo,S&P500,PEP,CIK0000077476
369,PKI,PerkinElmer,S&P500,PKI,CIK0000031791
370,PFE,Pfizer,S&P500,PFE,CIK0000078003
371,PCG,PG&E Corporation,S&P500,PCG,CIK0001004980
372,PM,Philip Morris International,S&P500,PM,CIK0001413329
373,PSX,Phillips 66,S&P500,PSX,CIK0001534701
374,PNW,Pinnacle West,S&P500,PNW,CIK0000764622
375,PXD,Pioneer Natural Resources,S&P500,PXD,CIK0001038357
376,PNC,PNC Financial Services,S&P500,PNC,CIK0000713676
377,POOL,Pool Corporation,S&P500,POOL,CIK0000945841
378,PPG,PPG Industries,S&P500,PPG,CIK0000079879
379,PPL,PPL Corporation,S&P500,PPL,CIK0000922224
380,PFG,Principal Financial Group,S&P500,PFG,CIK0001126328
381,PG,Procter & Gamble,S&P500,PG,CIK0000080424
382,PGR,Progressive Corporation,S&P500,PGR,CIK0000080661
383,PLD,Prologis,S&P500,PLD,CIK0001045609
384,PRU,Prudential Financial,S&P500,PRU,CIK0001137774
385,PEG,Public Service Enterprise Group,S&P500,PEG,CIK0000788784
386,PTC,PTC,S&P500,PTC,CIK0000857005
387,PSA,Public Storage,S&P500,PSA,CIK0001393311
388,PHM,PulteGroup,S&P500,PHM,CIK0000822416
389,QRVO,Qorvo,S&P500,QRVO,CIK0001604778
390,PWR,Quanta Services,S&P500,PWR,CIK0001050915
391,QCOM,Qualcomm,S&P500,QCOM,CIK0000804328
392,DGX,Quest Diagnostics,S&P500,DGX,CIK0001022079
393,RL,Ralph Lauren Corporation,S&P500,RL,CIK0001037038
394,RJF,Raymond James,S&P500,RJF,CIK0000720005
395,RTX,Raytheon Technologies,S&P500,RTX,CIK0000101829
396,O,Realty Income,S&P500,O,CIK0000726728
397,REG,Regency Centers,S&P500,REG,CIK0000910606
398,REGN,Regeneron,S&P500,REGN,CIK0000872589
399,RF,Regions Financial Corporation,S&P500,RF,CIK0001281761
400,RSG,Republic Services,S&P500,RSG,CIK0001060391
401,RMD,ResMed,S&P500,RMD,
402,RHI,Robert Half,S&P500,RHI,CIK0000315213
403,ROK,Rockwell Automation,S&P500,ROK,CIK0001024478
404,ROL,"Rollins, Inc.",S&P500,ROL,CIK0000084839
405,ROP,Roper Technologies,S&P500,ROP,CIK0000882835
406,ROST,Ross Stores,S&P500,ROST,CIK0000745732
407,RCL,Royal Caribbean Group,S&P500,RCL,CIK0000884887
408,SPGI,S&P Global,S&P500,SPGI,CIK0000064040
409,CRM,Salesforce,S&P500,CRM,CIK0001108524
410,SBAC,SBA Communications,S&P500,SBAC,CIK0001034054
411,SLB,Schlumberger,S&P500,SLB,CIK0000087347
412,STX,Seagate Technology,S&P500,STX,CIK0001137789
413,SEE,Sealed Air,S&P500,SEE,CIK0001012100
414,SRE,Sempra Energy,S&P500,SRE,CIK0001032208
415,NOW,ServiceNow,S&P500,NOW,CIK0001373715
416,SHW,Sherwin-Williams,S&P500,SHW,CIK0000089800
417,SBNY,Signature Bank,S&P500,SBNY,
418,SPG,Simon Property Group,S&P500,SPG,CIK0001063761
419,SWKS,Skyworks Solutions,S&P500,SWKS,CIK0000004127
420,SJM,The J.M. Smucker Company,S&P500,SJM,CIK0000091419
421,SNA,Snap-on,S&P500,SNA,CIK0000091440
422,SEDG,SolarEdge,S&P500,SEDG,CIK0001419612
423,SO,Southern Company,S&P500,SO,CIK0000092122
424,LUV,Southwest Airlines,S&P500,LUV,CIK0000092380
425,SWK,Stanley Black & Decker,S&P500,SWK,CIK0000093556
426,SBUX,Starbucks,S&P500,SBUX,CIK0000829224
427,STT,State Street Corporation,S&P500,STT,CIK0000093751
428,STLD,Steel Dynamics,S&P500,STLD,CIK0001022671
429,STE,Steris,S&P500,STE,CIK0001757898
430,SYK,Stryker Corporation,S&P500,SYK,CIK0000310764
431,SIVB,SVB Financial,S&P500,SIVB,
432,SYF,Synchrony Financial,S&P500,SYF,CIK0001601712
433,SNPS,Synopsys,S&P500,SNPS,CIK0000883241
434,SYY,Sysco,S&P500,SYY,CIK0000096021
435,TMUS,T-Mobile US,S&P500,TMUS,CIK0001283699
436,TROW,T. Rowe Price,S&P500,TROW,CIK0001113169
437,TTWO,Take-Two Interactive,S&P500,TTWO,CIK0000946581
438,TPR,"Tapestry, Inc.",S&P500,TPR,CIK0001116132
439,TRGP,Targa Resources,S&P500,TRGP,CIK0001389170
440,TGT,Target Corporation,S&P500,TGT,CIK0000027419
441,TEL,TE Connectivity,S&P500,TEL,CIK0001385157
442,TDY,Teledyne Technologies,S&P500,TDY,CIK0001094285
443,TFX,Teleflex,S&P500,TFX,CIK0000096943
444,TER,Teradyne,S&P500,TER,CIK0000097210
445,TSLA,"Tesla, Inc.",S&P500,TSLA,CIK0001318605
446,TXN,Texas Instruments,S&P500,TXN,CIK0000097476
447,TXT,Textron,S&P500,TXT,CIK0000217346
448,TMO,Thermo Fisher Scientific,S&P500,TMO,CIK0000097745
449,TJX,TJX Companies,S&P500,TJX,CIK0000109198
450,TSCO,Tractor Supply,S&P500,TSCO,CIK0000916365
451,TT,Trane Technologies,S&P500,TT,CIK0001466258
452,TDG,TransDigm Group,S&P500,TDG,CIK0001260221
453,TRV,The Travelers Companies,S&P500,TRV,CIK0000086312
454,TRMB,Trimble Inc.,S&P500,TRMB,CIK0000864749
455,TFC,Truist,S&P500,TFC,CIK0000092230
456,TYL,Tyler Technologies,S&P500,TYL,CIK0000860731
457,TSN,Tyson Foods,S&P500,TSN,CIK0000100493
458,USB,U.S. Bank,S&P500,USB,CIK0000036104
459,UDR,"UDR, Inc.",S&P500,UDR,CIK0000074208
460,ULTA,Ulta Beauty,S&P500,ULTA,CIK0001403568
461,UNP,Union Pacific Corporation,S&P500,UNP,CIK0000100885
462,UAL,United Airlines Holdings,S&P500,UAL,CIK0000100517
463,UPS,United Parcel Service,S&P500,UPS,CIK0001090727
464,URI,United Rentals,S&P500,URI,CIK0001067701
465,UNH,UnitedHealth Group,S&P500,UNH,CIK0000731766
466,UHS,Universal Health Services,S&P500,UHS,CIK0000352915
467,VLO,Valero Energy,S&P500,VLO,CIK0001035002
468,VTR,Ventas,S&P500,VTR,CIK0000740260
469,VRSN,Verisign,S&P500,VRSN,CIK0001014473
470,VRSK,Verisk,S&P500,VRSK,CIK0001442145
471,VZ,Verizon,S&P500,VZ,CIK0000732712
472,VRTX,Vertex Pharmaceuticals,S&P500,VRTX,CIK0000875320
473,VFC,VF Corporation,S&P500,VFC,CIK0000103379
474,VTRS,Viatris,S&P500,VTRS,CIK0001792044
475,VICI,Vici Properties,S&P500,VICI,CIK0001705696
476,V,Visa Inc.,S&P500,V,CIK0001403161
477,VMC,Vulcan Materials Company,S&P500,VMC,CIK0001396009
478,WAB,Wabtec,S&P500,WAB,CIK0000943452
479,WBA,Walgreens Boots Alliance,S&P500,WBA,CIK0001618921
480,WMT,Walmart,S&P500,WMT,CIK0000104169
481,WBD,Warner Bros. Discovery,S&P500,WBD,CIK0001437107
482,WM,Waste Management,S&P500,WM,CIK0000823768
483,WAT,Waters Corporation,S&P500,WAT,CIK0001000697
484,WEC,WEC Energy Group,S&P500,WEC,CIK0000783325
485,WFC,Wells Fargo,S&P500,WFC,CIK0000072971
486,WELL,Welltower,S&P500,WELL,CIK0000766704
487,WST,West Pharmaceutical Services,S&P500,WST,CIK0000105770
488,WDC,Western Digital,S&P500,WDC,CIK0000106040
489,WRK,WestRock,S&P500,WRK,CIK0001732845
490,WY,Weyerhaeuser,S&P500,WY,CIK0000106535
491,WHR,Whirlpool Corporation,S&P500,WHR,CIK0000106640
492,WMB,Williams Companies,S&P500,WMB,CIK0000107263
493,WTW,Willis Towers Watson,S&P500,WTW,CIK0001140536
494,GWW,W. W. Grainger,S&P500,GWW,CIK0000277135
495,WYNN,Wynn Resorts,S&P500,WYNN,CIK0001174922
496,XEL,Xcel Energy,S&P500,XEL,CIK0000072903
497,XYL,Xylem Inc.,S&P500,XYL,CIK0001524472
498,YUM,Yum! Brands,S&P500,YUM,CIK0001041061
499,ZBRA,Zebra Technologies,S&P500,ZBRA,CIK0000877212
500,ZBH,Zimmer Biomet,S&P500,ZBH,CIK0001136869
501,ZION,Zions Bancorporation,S&P500,ZION,CIK0000109380
502,ZTS,Zoetis,S&P500,ZTS,CIK0001555280
503,ATVI,Activision Blizzard,NASDAQ-100,ATVI,CIK0000718877
504,ADBE,Adobe Inc.,NASDAQ-100,ADBE,CIK0000796343
505,AMD,Advanced Micro Devices,NASDAQ-100,AMD,CIK0000002488
506,ALXN,Alexion Pharmaceuticals,NASDAQ-100,ALXN,
507,ALGN,Align Technology,NASDAQ-100,ALGN,CIK0001097149
508,GOOGL,Alphabet Inc.,NASDAQ-100,GOOGL,CIK0001652044
509,AMZN,Amazon,NASDAQ-100,AMZN,CIK0001018724
510,AAL,American Airlines Group,NASDAQ-100,AAL,CIK0000006201
511,AMGN,Amgen,NASDAQ-100,AMGN,CIK0000318154
512,ADI,Analog Devices,NASDAQ-100,ADI,CIK0000006281
513,AAPL,Apple,NASDAQ-100,AAPL,
514,AMAT,Applied Materials,NASDAQ-100,AMAT,CIK0000006951
515,ASML,ASML Holding,NASDAQ-100,ASML,CIK0000937966
516,ADSK,Autodesk,NASDAQ-100,ADSK,CIK0000769397
517,ADP,Automatic Data Processing,NASDAQ-100,ADP,CIK0000008670
518,BIDU,Baidu,NASDAQ-100,BIDU,CIK0001329099
519,BIIB,Biogen Idec,NASDAQ-100,BIIB,CIK0000875045
520,BMRN,BioMarin Pharmaceutical,NASDAQ-100,BMRN,CIK0001048477
521,BKNG,Booking Holdings,NASDAQ-100,BKNG,CIK0001075531
522,AVGO,Broadcom Inc.,NASDAQ-100,AVGO,CIK0001730168
523,CDNS,Cadence Design Systems,NASDAQ-100,CDNS,CIK0000813672
524,CELG,Celgene,NASDAQ-100,CELG,
525,CERN,Cerner Corporation,NASDAQ-100,CERN,
526,CHTR,Charter Communications,NASDAQ-100,CHTR,CIK0001091667
527,CHKP,Check Point,NASDAQ-100,CHKP,CIK0001015922
528,CTAS,Cintas Corporation,NASDAQ-100,CTAS,CIK0000723254
529,CSCO,Cisco Systems,NASDAQ-100,CSCO,CIK0000858877
530,CTXS,Citrix Systems,NASDAQ-100,CTXS,
531,CTSH,Cognizant,NASDAQ-100,CTSH,CIK0001058290
532,CMCSA,Comcast,NASDAQ-100,CMCSA,CIK0001166691
533,COST,Costco,NASDAQ-100,COST,CIK0000909832
534,CSX,CSX Corporation,NASDAQ-100,CSX,CIK0000277948
535,CTRP,Ctrip,NASDAQ-100,CTRP,
536,DLTR,Dollar Tree,NASDAQ-100,DLTR,CIK0000935703
537,EBAY,eBay,NASDAQ-100,EBAY,CIK0001065088
538,EA,Electronic Arts,NASDAQ-100,EA,CIK0000712515
539,EXPE,Expedia,NASDAQ-100,EXPE,CIK0001324424
540,FB,Facebook,NASDAQ-100,FB,
541,FAST,Fastenal,NASDAQ-100,FAST,CIK0000815556
542,FISV,Fiserv,NASDAQ-100,FISV,CIK0000798354
543,"FOX, FOXA",Fox Corporation,NASDAQ-100,"FOX, FOXA",
544,GILD,Gilead Sciences,NASDAQ-100,GILD,CIK0000882095
545,HAS,Hasbro,NASDAQ-100,HAS,CIK0000046080
546,HSIC,Henry Schein,NASDAQ-100,HSIC,CIK0001000228
547,IDXX,Idexx Laboratories,NASDAQ-100,IDXX,CIK0000874716
548,ILMN,Illumina,NASDAQ-100,ILMN,CIK0001110803
549,INCY,Incyte,NASDAQ-100,INCY,CIK0000879169
550,INTC,Intel Corporation,NASDAQ-100,INTC,CIK0000050863
551,INTU,Intuit,NASDAQ-100,INTU,CIK0000896878
552,ISRG,Intuitive Surgical,NASDAQ-100,ISRG,CIK0001035267
553,JBHT,J. B. Hunt,NASDAQ-100,JBHT,CIK0000728535
554,JD,JD.com,NASDAQ-100,JD,CIK0001549802
555,KLAC,KLA-Tencor,NASDAQ-100,KLAC,CIK0000319201
556,LRCX,Lam Research,NASDAQ-100,LRCX,CIK0000707549
557,"LBTYA, LBTYK",Liberty Global,NASDAQ-100,"LBTYA, LBTYK",
558,LULU,Lululemon Athletica,NASDAQ-100,LULU,CIK0001397187
559,MAR,Marriott International,NASDAQ-100,MAR,CIK0001048286
560,MXIM,Maxim Integrated,NASDAQ-100,MXIM,
561,MELI,MercadoLibre,NASDAQ-100,MELI,CIK0001099590
562,MCHP,Microchip Technology,NASDAQ-100,MCHP,CIK0000827054
563,MU,Micron Technology,NASDAQ-100,MU,CIK0000723125
564,MSFT,Microsoft,NASDAQ-100,MSFT,CIK0000789019
565,MDLZ,Mondel?z International,NASDAQ-100,MDLZ,CIK0001103982
566,MNST,Monster Beverage,NASDAQ-100,MNST,CIK0000865752
567,MYL,Mylan,NASDAQ-100,MYL,
568,NTAP,NetApp,NASDAQ-100,NTAP,CIK0001002047
569,NTES,NetEase,NASDAQ-100,NTES,CIK0001110646
570,NFLX,Netflix,NASDAQ-100,NFLX,CIK0001065280
571,NVDA,Nvidia,NASDAQ-100,NVDA,CIK0001045810
572,NXPI,NXP Semiconductors,NASDAQ-100,NXPI,CIK0001413447
573,ORLY,OReilly Auto Parts,NASDAQ-100,ORLY,CIK0000898173
574,PCAR,Paccar,NASDAQ-100,PCAR,CIK0000075362
575,PAYX,Paychex,NASDAQ-100,PAYX,CIK0000723531
576,PYPL,PayPal,NASDAQ-100,PYPL,CIK0001633917
577,PEP,PepsiCo,NASDAQ-100,PEP,CIK0000077476
578,QCOM,Qualcomm,NASDAQ-100,QCOM,CIK0000804328
579,REGN,Regeneron Pharmaceuticals,NASDAQ-100,REGN,CIK0000872589
580,ROST,Ross Stores,NASDAQ-100,ROST,CIK0000745732
581,SIRI,Sirius XM Holdings,NASDAQ-100,SIRI,CIK0000908937
582,SWKS,Skyworks Solutions,NASDAQ-100,SWKS,CIK0000004127
583,SBUX,Starbucks,NASDAQ-100,SBUX,CIK0000829224
584,SYMC,Symantec,NASDAQ-100,SYMC,
585,SNPS,Synopsys,NASDAQ-100,SNPS,CIK0000883241
586,TTWO,Take-Two Interactive,NASDAQ-100,TTWO,CIK0000946581
587,TSLA,"Tesla, Inc.",NASDAQ-100,TSLA,CIK0001318605
588,TXN,Texas Instruments,NASDAQ-100,TXN,CIK0000097476
589,KHC,Kraft Heinz,NASDAQ-100,KHC,CIK0001637459
590,TMUS,T-Mobile US,NASDAQ-100,TMUS,CIK0001283699
591,ULTA,Ulta Beauty,NASDAQ-100,ULTA,CIK0001403568
592,UAL,United Airlines Holdings,NASDAQ-100,UAL,CIK0000100517
593,VRSN,Verisign,NASDAQ-100,VRSN,CIK0001014473
594,VRSK,Verisk Analytics,NASDAQ-100,VRSK,CIK0001442145
595,VRTX,Vertex Pharmaceuticals,NASDAQ-100,VRTX,CIK0000875320
596,WBA,Walgreens Boots Alliance,NASDAQ-100,WBA,CIK0001618921
597,WDC,Western Digital,NASDAQ-100,WDC,CIK0000106040
598,WLTW,Willis Towers Watson,NASDAQ-100,WLTW,
599,WDAY,Workday,NASDAQ-100,WDAY,CIK0001327811
600,WYNN,Wynn Resorts,NASDAQ-100,WYNN,CIK0001174922
601,XEL,Xcel Energy,NASDAQ-100,XEL,CIK0000072903
602,XLNX,Xilinx,NASDAQ-100,XLNX,
